id,module_number,module,question,option_a,option_b,option_c,option_d,correct,explanation
1,1,Logistics Fundamentals,What does 3PL stand for?,Three Party Loading,Third-Party Logistics,Timed Pickup Location,Total Pallet Load,b,A 3PL is a Third-Party Logistics company that manages freight and shipping for other businesses.
2,1,Logistics Fundamentals,What does a freight broker do?,Owns trucks and drives every load,Builds warehouses,"Connects shippers with carriers to move freight, without owning the trucks",Inspects customs only,c,"A broker is the middle person: the shipper has freight, the carrier has the truck, and the broker matches and manages the move."
3,2,Trucks & Equipment,Which equipment is used for temperature-controlled freight such as frozen or fresh food?,Reefer,Dry Van,Flatbed,Power Only,a,A reefer is a refrigerated trailer that keeps freight at a set temperature.
4,2,Trucks & Equipment,Which equipment is best for tall or oversized machinery that cannot fit in a regular trailer?,Dry Van,Reefer,Sprinter van,Step Deck,d,"A step deck has a lower deck, so it can carry taller freight. A Flatbed is open for freight that needs side or top loading."
5,3,Carrier Sourcing,Which of these is a load board used to find loads and carriers?,Canva,DAT One,Zoom,Slack,b,"DAT, Truckstop, Sylectus, and Highway are the load boards used in carrier sourcing."
6,3,Carrier Sourcing,"Before selecting a carrier, what should you verify?","Their authority and insurance, and check for identity theft or fraud alerts",Only their phone number,Their favorite lane,"Nothing, if their rate is low",a,"Always vet the carrier: active authority, insurance, and any identity theft or fraud alerts. A cheap rate from a fake carrier can cost you the whole load."
7,4,Booking & Rate Negotiation,"Before you book a load, what must you confirm with the carrier?",Only the pickup city,The driver's age,"Nothing, you can fix it later","The rate, pickup and delivery times, equipment, and accessorial terms",d,"Confirm all terms before booking, then put them on the rate confirmation so there are no surprises later."
8,4,Booking & Rate Negotiation,What is the best way to negotiate a rate with a carrier?,"Know your target and maximum rate, stay professional, and counter with a reason",Always accept the first price,Argue until they hang up,Offer a very low price without explaining,a,"Know your numbers first, stay respectful, and give a reason for your counter. This keeps the relationship and protects your margin."
9,5,Documents,Which document confirms the agreed rate and terms between the broker and the carrier?,POD,Lumper receipt,Rate Confirmation,COI,c,The Rate Confirmation (ratecon) is the carrier's agreement to the rate and terms of the load.
10,5,Documents,What does a COI (Certificate of Insurance) prove?,That the load was delivered,That the carrier has valid insurance coverage,That the driver is empty,That the rate was paid,b,The COI shows the carrier's insurance coverage and is part of the carrier packet.
11,6,Dispatch & Track & Trace,The load is covered. What do you do on the dispatch call?,Ask for the driver's home address,Close the load,Send the invoice,"Confirm he is empty, get his ETA, and confirm all is set for pickup",d,"Dispatching means calling the driver to confirm he is empty, get his ETA, and make sure everything is ready for pickup."
12,6,Dispatch & Track & Trace,You learn the truck will be late. What is the best move?,Tell the customer early with the new ETA and next step,Wait until the delivery is missed,Say nothing,Cancel the load,a,"Bad news early. Customers trust you more when you tell them first, with a clear ETA and next step."
13,7,Accessorials,What is detention?,A fee for a cancelled load after the truck arrives,A fee for using a liftgate,A fee when the driver waits too long at pickup or delivery after the free time,A fee for an extra stop,c,"Detention is a waiting-time fee charged after the free time, usually 2 hours."
14,7,Accessorials,What does TONU stand for?,Truck On Nearby Unloading,Time Of Next Unload,Transport Order Not Updated,Truck Ordered Not Used,d,"TONU is Truck Ordered Not Used: the truck came, but the load was cancelled or not ready."
15,8,Delivery & Load Closing,Why is a clean POD important before closing the load?,"No POD means no billing, and the customer will not pay",It replaces the ratecon,It is only for the driver,It makes the truck faster,a,"The POD is proof of delivery. Without it you cannot bill correctly, so the load cannot be closed properly."
